text,label,label_text
Let me have sandwich.,1,Create Order
"I want sandwich, burger.",1,Create Order
"I want pasta, fries.",1,Create Order
I’ll take burger.,1,Create Order
Add lasagna and sandwich to my order.,1,Create Order
Order this salad.,1,Create Order
"I’ve been craving a lasagna, can you add that?",1,Create Order
I’d like a steak and a drink.,1,Create Order
Can I get fries with a side of fries?,1,Create Order
"Take my order: lasagna, grilled salmon, and salad.",1,Create Order
"Add this burger, salad.",1,Create Order
Order pasta and sandwich.,1,Create Order
I’d like a pasta and a drink.,1,Create Order
Order this salad.,1,Create Order
Let me have steak.,1,Create Order
Let me have soup.,1,Create Order
Place an order for grilled salmon.,1,Create Order
Can you add sandwich and pizza to my order?,1,Create Order
"I’ve been craving a steak, can you add that?",1,Create Order
Can you add sandwich and sandwich to my order?,1,Create Order
Place an order for steak.,1,Create Order
"Get pasta, salad, salad for me.",1,Create Order
Just give me a pasta.,1,Create Order
"Add a grilled salmon to my meal, please.",1,Create Order
I’d like a salad and a drink.,1,Create Order
I’d like to have a steak.,1,Create Order
I’d like to have a grilled salmon.,1,Create Order
Bring me a grilled salmon.,1,Create Order
Include sandwich in my cart.,1,Create Order
"I’ve been craving a burger, can you add that?",1,Create Order
Let me have grilled salmon.,1,Create Order
Get me a lasagna.,1,Create Order
I’d like to have a steak.,1,Create Order
Can I get a grilled salmon?,1,Create Order
"Take my order: pasta, pizza, and burger.",1,Create Order
I’ll take soup.,1,Create Order
"Add this salad, lasagna.",1,Create Order
Give me a lasagna with extra cheese.,1,Create Order
Order grilled salmon and fries.,1,Create Order
"Get steak, soup, lasagna for me.",1,Create Order
Include salad in my cart.,1,Create Order
I’d like to have a pizza.,1,Create Order
Can I get a fries?,1,Create Order
"I’ll have a pizza, but can you make it spicy?",1,Create Order
Order burger and burger.,1,Create Order
Can you add pizza and pizza to my order?,1,Create Order
"Add a fries to my meal, please.",1,Create Order
"I’ve been craving a pasta, can you add that?",1,Create Order
Order soup and grilled salmon.,1,Create Order
Let me have pasta.,1,Create Order
"I’ve been craving a fries, can you add that?",1,Create Order
Order this grilled salmon.,1,Create Order
"Add a soup to my meal, please.",1,Create Order
Can I get lasagna with a side of fries?,1,Create Order
Place an order for steak.,1,Create Order
"Get soup, lasagna, sandwich for me.",1,Create Order
I’d like to have a salad.,1,Create Order
"I’ve been craving a lasagna, can you add that?",1,Create Order
Just give me a soup.,1,Create Order
"I want burger, pizza.",1,Create Order
Include steak in my cart.,1,Create Order
"I’ll have a fries, but can you make it spicy?",1,Create Order
Add salad and lasagna to my order.,1,Create Order
Grab me a burger.,1,Create Order
I’ll take grilled salmon.,1,Create Order
"I’ve been craving a sandwich, can you add that?",1,Create Order
"Take my order: lasagna, salad, and salad.",1,Create Order
Just give me a pasta.,1,Create Order
Can I get a burger?,1,Create Order
Give me a burger with extra cheese.,1,Create Order
Can I get pizza with a side of fries?,1,Create Order
Place an order for pasta.,1,Create Order
Add sandwich and pasta to my order.,1,Create Order
Bring me a burger.,1,Create Order
"Add a sandwich to my meal, please.",1,Create Order
Order this fries.,1,Create Order
Let’s make it a lasagna with no onions.,1,Create Order
"Add this pizza, steak.",1,Create Order
"Take my order: burger, grilled salmon, and grilled salmon.",1,Create Order
"Add a fries to my meal, please.",1,Create Order
Order soup and fries.,1,Create Order
Can you add steak and pasta to my order?,1,Create Order
"I’ve been craving a salad, can you add that?",1,Create Order
"I want steak, pizza.",1,Create Order
"Get steak, steak, steak for me.",1,Create Order
"I’ll have a lasagna, but can you make it spicy?",1,Create Order
Bring me a burger.,1,Create Order
Can I get a burger?,1,Create Order
Add steak and pizza to my order.,1,Create Order
Add salad and grilled salmon to my order.,1,Create Order
Can I get a grilled salmon?,1,Create Order
Get me a soup.,1,Create Order
"I want sandwich, sandwich.",1,Create Order
I’d like a soup and a drink.,1,Create Order
"Take my order: fries, sandwich, and salad.",1,Create Order
Include steak in my cart.,1,Create Order
Let’s make it a sandwich with no onions.,1,Create Order
Bring me a fries.,1,Create Order
Can I get a fries?,1,Create Order
"I’ve been craving a pasta, can you add that?",1,Create Order
"I’ll have a soup, but can you make it spicy?",1,Create Order
Can you add grilled salmon and soup to my order?,1,Create Order
Bring me a sandwich.,1,Create Order
Just give me a steak.,1,Create Order
Can I get fries with a side of fries?,1,Create Order
I’d like to have a pasta.,1,Create Order
Give me a sandwich with extra cheese.,1,Create Order
"Get fries, grilled salmon, soup for me.",1,Create Order
Let’s make it a lasagna with no onions.,1,Create Order
Include fries in my cart.,1,Create Order
I’ll take steak.,1,Create Order
Just give me a burger.,1,Create Order
Grab me a pizza.,1,Create Order
I’d like to have a soup.,1,Create Order
Order grilled salmon and lasagna.,1,Create Order
Get me a salad.,1,Create Order
I’d like a sandwich and a drink.,1,Create Order
I’d like a burger and a drink.,1,Create Order
Can you add sandwich and pizza to my order?,1,Create Order
Give me a pasta with extra cheese.,1,Create Order
"I’ve been craving a lasagna, can you add that?",1,Create Order
Add pasta and grilled salmon to my order.,1,Create Order
Can I get a pizza?,1,Create Order
I’ll take steak.,1,Create Order
"I’ll have a sandwich, but can you make it spicy?",1,Create Order
Order this lasagna.,1,Create Order
Can you add lasagna and fries to my order?,1,Create Order
Bring me a burger.,1,Create Order
Let me have steak.,1,Create Order
Order lasagna and fries.,1,Create Order
I’d like to have a grilled salmon.,1,Create Order
I’d like a burger and a drink.,1,Create Order
Just give me a pasta.,1,Create Order
I’d like a soup and a drink.,1,Create Order
Grab me a soup.,1,Create Order
Get me a sandwich.,1,Create Order
"Get salad, sandwich, grilled salmon for me.",1,Create Order
Just give me a pasta.,1,Create Order
Can I get pizza with a side of fries?,1,Create Order
Let me have grilled salmon.,1,Create Order
Give me a lasagna with extra cheese.,1,Create Order
Order this pizza.,1,Create Order
Grab me a salad.,1,Create Order
Can you add lasagna and grilled salmon to my order?,1,Create Order
Grab me a soup.,1,Create Order
"Add this salad, salad.",1,Create Order
Give me a pizza with extra cheese.,1,Create Order
Let me have fries.,1,Create Order
Bring me a burger.,1,Create Order
"I want salad, pasta.",1,Create Order
I’d like a sandwich and a drink.,1,Create Order
I’ll take salad.,1,Create Order
"I want salad, pasta.",1,Create Order
Place an order for salad.,1,Create Order
Just give me a salad.,1,Create Order
Let’s make it a soup with no onions.,1,Create Order
I’d like to have a steak.,1,Create Order
Let’s make it a grilled salmon with no onions.,1,Create Order
Bring me a sandwich.,1,Create Order
Place an order for fries.,1,Create Order
Order grilled salmon and soup.,1,Create Order
"Add this pizza, lasagna.",1,Create Order
I’ll take burger.,1,Create Order
"Add a steak to my meal, please.",1,Create Order
"Get burger, soup, fries for me.",1,Create Order
Can I get a sandwich?,1,Create Order
"I’ll have a soup, but can you make it spicy?",1,Create Order
Let me have soup.,1,Create Order
"Take my order: pasta, salad, and steak.",1,Create Order
Add soup and salad to my order.,1,Create Order
"Add this steak, soup.",1,Create Order
"Add a lasagna to my meal, please.",1,Create Order
Get me a lasagna.,1,Create Order
I’d like a salad and a drink.,1,Create Order
Can I get a grilled salmon?,1,Create Order
"Take my order: burger, grilled salmon, and fries.",1,Create Order
Can I get a salad?,1,Create Order
Order this pizza.,1,Create Order
Just give me a fries.,1,Create Order
Order this salad.,1,Create Order
Let’s make it a sandwich with no onions.,1,Create Order
Let me have burger.,1,Create Order
Let me have steak.,1,Create Order
Give me a sandwich with extra cheese.,1,Create Order
"I’ll have a sandwich, but can you make it spicy?",1,Create Order
Get me a salad.,1,Create Order
"I’ll have a fries, but can you make it spicy?",1,Create Order
I’ll take grilled salmon.,1,Create Order
Order this steak.,1,Create Order
Can you add grilled salmon and burger to my order?,1,Create Order
Grab me a lasagna.,1,Create Order
Can I get a burger?,1,Create Order
"Get grilled salmon, fries, salad for me.",1,Create Order
Bring me a pizza.,1,Create Order
"Take my order: burger, fries, and pasta.",1,Create Order
Can I get steak with a side of fries?,1,Create Order
Get me a burger.,1,Create Order
Let’s make it a salad with no onions.,1,Create Order
Can you add pizza and grilled salmon to my order?,1,Create Order
Let me have pizza.,1,Create Order
"Get soup, pasta, salad for me.",1,Create Order
Get me a fries.,1,Create Order
"Add this pizza, steak.",1,Create Order
Get me a grilled salmon.,1,Create Order
I’d like to have a grilled salmon.,1,Create Order
I’d like to have a soup.,1,Create Order
Order salad and burger.,1,Create Order
Order this salad.,1,Create Order
Can I get grilled salmon with a side of fries?,1,Create Order
Include burger in my cart.,1,Create Order
Let’s make it a fries with no onions.,1,Create Order
Add burger and steak to my order.,1,Create Order
Add pasta and grilled salmon to my order.,1,Create Order
Place an order for steak.,1,Create Order
"Take my order: sandwich, sandwich, and steak.",1,Create Order
"Take my order: sandwich, salad, and steak.",1,Create Order
"I’ve been craving a sandwich, can you add that?",1,Create Order
Can you add burger and grilled salmon to my order?,1,Create Order
"Add this fries, sandwich.",1,Create Order
Let’s make it a pizza with no onions.,1,Create Order
Let’s make it a soup with no onions.,1,Create Order
Can you add burger and grilled salmon to my order?,1,Create Order
Get me a salad.,1,Create Order
Grab me a soup.,1,Create Order
Grab me a steak.,1,Create Order
"I’ve been craving a grilled salmon, can you add that?",1,Create Order
Give me a steak with extra cheese.,1,Create Order
Can I get a sandwich?,1,Create Order
"Add a soup to my meal, please.",1,Create Order
"I’ve been craving a soup, can you add that?",1,Create Order
Add burger and sandwich to my order.,1,Create Order
Include soup in my cart.,1,Create Order
"I’ve been craving a grilled salmon, can you add that?",1,Create Order
Can you add pasta and burger to my order?,1,Create Order
Add soup and lasagna to my order.,1,Create Order
"Get lasagna, steak, burger for me.",1,Create Order
Can I get lasagna with a side of fries?,1,Create Order
"I’ve been craving a lasagna, can you add that?",1,Create Order
"Add this steak, sandwich.",1,Create Order
I’d like to have a steak.,1,Create Order
Give me a lasagna with extra cheese.,1,Create Order
I’d like to have a salad.,1,Create Order
Can I get pasta with a side of fries?,1,Create Order
I’ll take grilled salmon.,1,Create Order
Can you add sandwich and salad to my order?,1,Create Order
Can I get pizza with a side of fries?,1,Create Order
Just give me a soup.,1,Create Order
Grab me a sandwich.,1,Create Order
Grab me a salad.,1,Create Order
Can I get a steak?,1,Create Order
I’d like a grilled salmon and a drink.,1,Create Order
Add pizza and soup to my order.,1,Create Order
I’d like to have a salad.,1,Create Order
Let’s make it a salad with no onions.,1,Create Order
I’ll take grilled salmon.,1,Create Order
Order this pizza.,1,Create Order
"Add this burger, soup.",1,Create Order
"Add this sandwich, pizza.",1,Create Order
Let’s make it a soup with no onions.,1,Create Order
"Get lasagna, lasagna, fries for me.",1,Create Order
"Take my order: salad, pizza, and pizza.",1,Create Order
"I want pizza, pizza.",1,Create Order
"Add this soup, pasta.",1,Create Order
Just give me a lasagna.,1,Create Order
Can you add fries and sandwich to my order?,1,Create Order
Add pizza and soup to my order.,1,Create Order
"Add this burger, steak.",1,Create Order
Give me a fries with extra cheese.,1,Create Order
Order pizza and pizza.,1,Create Order
"I’ve been craving a salad, can you add that?",1,Create Order
"I want salad, burger.",1,Create Order
Order this pizza.,1,Create Order
Let’s make it a steak with no onions.,1,Create Order
Order this pizza.,1,Create Order
Let me have salad.,1,Create Order
"Get salad, lasagna, salad for me.",1,Create Order
"I’ve been craving a pasta, can you add that?",1,Create Order
Order this fries.,1,Create Order
Give me a steak with extra cheese.,1,Create Order
Bring me a soup.,1,Create Order
Add grilled salmon and fries to my order.,1,Create Order
I’ll take sandwich.,1,Create Order
Give me a salad with extra cheese.,1,Create Order
"Add this lasagna, lasagna.",1,Create Order
Order steak and pasta.,1,Create Order
Let’s make it a burger with no onions.,1,Create Order
Let me have steak.,1,Create Order
Get me a soup.,1,Create Order
I’d like to have a soup.,1,Create Order
Let’s make it a grilled salmon with no onions.,1,Create Order
Let’s make it a pasta with no onions.,1,Create Order
"I want soup, pizza.",1,Create Order
"I want pizza, pizza.",1,Create Order
Can you add steak and burger to my order?,1,Create Order
Can I get a sandwich?,1,Create Order
Include lasagna in my cart.,1,Create Order
Can I get a pasta?,1,Create Order
Get me a grilled salmon.,1,Create Order
"Add a salad to my meal, please.",1,Create Order
Order this pizza.,1,Create Order
Let me have grilled salmon.,1,Create Order
Place an order for steak.,1,Create Order
Can you add pizza and pasta to my order?,1,Create Order
Can I get a burger?,1,Create Order
Include burger in my cart.,1,Create Order
Order this sandwich.,1,Create Order
Can I get pasta with a side of fries?,1,Create Order
Add sandwich and grilled salmon to my order.,1,Create Order
"I’ve been craving a salad, can you add that?",1,Create Order
Can I get burger with a side of fries?,1,Create Order
Order this steak.,1,Create Order
Order fries and burger.,1,Create Order
Can you add burger and soup to my order?,1,Create Order
I’d like to have a pasta.,1,Create Order
Give me a burger with extra cheese.,1,Create Order
"I’ve been craving a lasagna, can you add that?",1,Create Order
"Add a pizza to my meal, please.",1,Create Order
"I’ll have a burger, but can you make it spicy?",1,Create Order
Can you add steak and sandwich to my order?,1,Create Order
Place an order for sandwich.,1,Create Order
"Take my order: salad, steak, and fries.",1,Create Order
"I’ll have a grilled salmon, but can you make it spicy?",1,Create Order
Can you add lasagna and burger to my order?,1,Create Order
Let me have steak.,1,Create Order
I’d like to have a fries.,1,Create Order
Can I get a sandwich?,1,Create Order
Can I get a sandwich?,1,Create Order
Include steak in my cart.,1,Create Order
"I’ll have a grilled salmon, but can you make it spicy?",1,Create Order
Can I get a fries?,1,Create Order
Add salad and lasagna to my order.,1,Create Order
Give me a burger with extra cheese.,1,Create Order
Get me a soup.,1,Create Order
I’d like a steak and a drink.,1,Create Order
"Get pizza, lasagna, burger for me.",1,Create Order
Add sandwich and pizza to my order.,1,Create Order
Bring me a fries.,1,Create Order
"Take my order: pasta, steak, and salad.",1,Create Order
Order this soup.,1,Create Order
Can you add sandwich and soup to my order?,1,Create Order
"Add this steak, burger.",1,Create Order
Give me a grilled salmon with extra cheese.,1,Create Order
Let me have burger.,1,Create Order
Give me a soup with extra cheese.,1,Create Order
Bring me a salad.,1,Create Order
I’ll take steak.,1,Create Order
"I’ve been craving a grilled salmon, can you add that?",1,Create Order
Can I get pizza with a side of fries?,1,Create Order
I’ll take sandwich.,1,Create Order
Grab me a steak.,1,Create Order
"I’ll have a grilled salmon, but can you make it spicy?",1,Create Order
I’ll take grilled salmon.,1,Create Order
Can I get burger with a side of fries?,1,Create Order
Just give me a pasta.,1,Create Order
Place an order for lasagna.,1,Create Order
"Get burger, burger, sandwich for me.",1,Create Order
"Get pizza, soup, steak for me.",1,Create Order
Order this pizza.,1,Create Order
Can I get pizza with a side of fries?,1,Create Order
"I want steak, salad.",1,Create Order
I’ll take sandwich.,1,Create Order
Order pizza and burger.,1,Create Order
Order pasta and steak.,1,Create Order
I’d like to have a sandwich.,1,Create Order
Can I get a sandwich?,1,Create Order
"Add a grilled salmon to my meal, please.",1,Create Order
Order this pasta.,1,Create Order
Can you add steak and soup to my order?,1,Create Order
Add lasagna and lasagna to my order.,1,Create Order
Order this soup.,1,Create Order
Order this lasagna.,1,Create Order
Grab me a fries.,1,Create Order
"Get sandwich, burger, steak for me.",1,Create Order
"I’ll have a fries, but can you make it spicy?",1,Create Order
"Take my order: steak, soup, and fries.",1,Create Order
Just give me a lasagna.,1,Create Order
Can I get a steak?,1,Create Order
Let’s make it a fries with no onions.,1,Create Order
Get me a burger.,1,Create Order
Order this grilled salmon.,1,Create Order
I’d like a burger and a drink.,1,Create Order
Just give me a soup.,1,Create Order
"Add this pasta, salad.",1,Create Order
Bring me a sandwich.,1,Create Order
Just give me a fries.,1,Create Order
"I want burger, lasagna.",1,Create Order
"Add a soup to my meal, please.",1,Create Order
Include grilled salmon in my cart.,1,Create Order
Give me a lasagna with extra cheese.,1,Create Order
"Take my order: soup, pasta, and pizza.",1,Create Order
Get me a fries.,1,Create Order
Can I get a pizza?,1,Create Order
"I want salad, pasta.",1,Create Order
Get me a lasagna.,1,Create Order
Add lasagna and steak to my order.,1,Create Order
"Add a salad to my meal, please.",1,Create Order
Order this pasta.,1,Create Order
Bring me a burger.,1,Create Order
Place an order for grilled salmon.,1,Create Order
I’d like to have a fries.,1,Create Order
Include lasagna in my cart.,1,Create Order
Give me a pizza with extra cheese.,1,Create Order
Can you add lasagna and pasta to my order?,1,Create Order
Order fries and salad.,1,Create Order
"Get grilled salmon, soup, steak for me.",1,Create Order
Add pasta and soup to my order.,1,Create Order
"Add this pizza, steak.",1,Create Order
Bring me a sandwich.,1,Create Order
Order this sandwich.,1,Create Order
"Take my order: burger, burger, and steak.",1,Create Order
Let me have lasagna.,1,Create Order
Bring me a soup.,1,Create Order
"Get sandwich, sandwich, pizza for me.",1,Create Order
Include lasagna in my cart.,1,Create Order
Give me a pizza with extra cheese.,1,Create Order
"I’ve been craving a pizza, can you add that?",1,Create Order
Get me a pasta.,1,Create Order
"Take my order: steak, pasta, and steak.",1,Create Order
Can I get a pasta?,1,Create Order
Order this soup.,1,Create Order
I’d like to have a burger.,1,Create Order
"Get grilled salmon, pizza, soup for me.",1,Create Order
Let me have pasta.,1,Create Order
Let’s make it a lasagna with no onions.,1,Create Order
Place an order for salad.,1,Create Order
Order pasta and fries.,1,Create Order
Can I get a fries?,1,Create Order
Give me a salad with extra cheese.,1,Create Order
Add lasagna and burger to my order.,1,Create Order
"Add a soup to my meal, please.",1,Create Order
Order steak and pizza.,1,Create Order
Just give me a salad.,1,Create Order
Can I get a sandwich?,1,Create Order
"I want sandwich, fries.",1,Create Order
Can I get a fries?,1,Create Order
Just give me a soup.,1,Create Order
Give me a fries with extra cheese.,1,Create Order
Just give me a salad.,1,Create Order
"Get salad, grilled salmon, pizza for me.",1,Create Order
"I’ll have a burger, but can you make it spicy?",1,Create Order
Order fries and burger.,1,Create Order
Let me have soup.,1,Create Order
I’d like a pizza and a drink.,1,Create Order
"I’ll have a pasta, but can you make it spicy?",1,Create Order
Can I get a sandwich?,1,Create Order
I’ll take grilled salmon.,1,Create Order
Can you add pasta and salad to my order?,1,Create Order
I’ll take salad.,1,Create Order
"Get sandwich, steak, grilled salmon for me.",1,Create Order
Place an order for sandwich.,1,Create Order
Bring me a sandwich.,1,Create Order
"Add this pasta, pizza.",1,Create Order
"I’ll have a grilled salmon, but can you make it spicy?",1,Create Order
"I’ll have a lasagna, but can you make it spicy?",1,Create Order
I’ll take salad.,1,Create Order
Get me a lasagna.,1,Create Order
Add sandwich and lasagna to my order.,1,Create Order
Can you add grilled salmon and fries to my order?,1,Create Order
I’d like to have a grilled salmon.,1,Create Order
Include soup in my cart.,1,Create Order
Give me a fries with extra cheese.,1,Create Order
"I’ve been craving a soup, can you add that?",1,Create Order
I’d like a burger and a drink.,1,Create Order
Can I get steak with a side of fries?,1,Create Order
"I want burger, burger.",1,Create Order
I’ll take fries.,1,Create Order
Can you add steak and pasta to my order?,1,Create Order
Can you add pasta and grilled salmon to my order?,1,Create Order
Add fries and steak to my order.,1,Create Order
Just give me a sandwich.,1,Create Order
Place an order for pasta.,1,Create Order
Include lasagna in my cart.,1,Create Order
Bring me a pasta.,1,Create Order
Order steak and sandwich.,1,Create Order
Let me have pizza.,1,Create Order
"Take my order: sandwich, pasta, and sandwich.",1,Create Order
Can you add grilled salmon and grilled salmon to my order?,1,Create Order
Grab me a pizza.,1,Create Order
Just give me a steak.,1,Create Order
Place an order for salad.,1,Create Order
Bring me a pasta.,1,Create Order
Can I get a soup?,1,Create Order
Get me a lasagna.,1,Create Order
Can I get sandwich with a side of fries?,1,Create Order
Grab me a burger.,1,Create Order
"I want fries, soup.",1,Create Order
Get me a pizza.,1,Create Order
"I want grilled salmon, salad.",1,Create Order
Order soup and steak.,1,Create Order
Order this salad.,1,Create Order
Let me have soup.,1,Create Order
Order steak and pasta.,1,Create Order
Let’s make it a grilled salmon with no onions.,1,Create Order
Give me a burger with extra cheese.,1,Create Order
Give me a burger with extra cheese.,1,Create Order
Can you add steak and sandwich to my order?,1,Create Order
Can I get a soup?,1,Create Order
"Get lasagna, lasagna, fries for me.",1,Create Order
"I’ll have a grilled salmon, but can you make it spicy?",1,Create Order
Bring me a soup.,1,Create Order
Cancel the sandwich from the cart.,2,Remove Order
"Change my order, remove the sandwich.",2,Remove Order
Forget the salad from my list.,2,Remove Order
Take the pasta out of my order.,2,Remove Order
Take the steak out of my order.,2,Remove Order
Scratch the soup off my list.,2,Remove Order
Remove the pasta from my cart.,2,Remove Order
Can you cancel the burger I selected?,2,Remove Order
Please cancel my order for the sandwich.,2,Remove Order
Remove the lasagna I added earlier.,2,Remove Order
Please make my order without the burger.,2,Remove Order
I no longer want the pizza in my order.,2,Remove Order
I don’t want the pasta anymore.,2,Remove Order
Please cancel my order for the grilled salmon.,2,Remove Order
Please remove salad from my order.,2,Remove Order
Forget the burger from my list.,2,Remove Order
I no longer want the soup in my order.,2,Remove Order
Forget the grilled salmon from my list.,2,Remove Order
Forget the salad I added.,2,Remove Order
Can you take the pasta off the order?,2,Remove Order
Take the salad off the menu for me.,2,Remove Order
I no longer want the grilled salmon in my order.,2,Remove Order
"Change my order, remove the salad.",2,Remove Order
Remove the sandwich from my cart.,2,Remove Order
Remove the pizza from my cart.,2,Remove Order
Please remove salad from my order.,2,Remove Order
Can you take the fries off the order?,2,Remove Order
I no longer want the sandwich in my order.,2,Remove Order
"Change my order, remove the pasta.",2,Remove Order
Forget the salad from my list.,2,Remove Order
Remove the lasagna I added earlier.,2,Remove Order
"Change my order, remove the lasagna.",2,Remove Order
Can you take the steak off the order?,2,Remove Order
I’d like to delete the sandwich.,2,Remove Order
Can you take the pasta off the order?,2,Remove Order
Please cancel my order for the soup.,2,Remove Order
Please remove sandwich from my order.,2,Remove Order
Cancel the fries from the cart.,2,Remove Order
Delete the fries from my order.,2,Remove Order
Remove the grilled salmon from my cart.,2,Remove Order
Cancel the lasagna from the cart.,2,Remove Order
Cancel that lasagna from my order.,2,Remove Order
Remove the lasagna from my cart.,2,Remove Order
Forget the salad I added.,2,Remove Order
Remove the lasagna from my cart.,2,Remove Order
I’d like to delete the grilled salmon.,2,Remove Order
I don’t want the pizza anymore.,2,Remove Order
"I changed my mind about the soup, can you remove it?",2,Remove Order
"Change my order, remove the salad.",2,Remove Order
Can you take the salad off the order?,2,Remove Order
Please remove sandwich from my order.,2,Remove Order
Take the salad out of my order.,2,Remove Order
Forget the sandwich from my list.,2,Remove Order
Take the salad off the menu for me.,2,Remove Order
Please make my order without the pasta.,2,Remove Order
Please cancel my order for the steak.,2,Remove Order
I’d like to delete the pasta.,2,Remove Order
Cancel that pizza from my order.,2,Remove Order
"I changed my mind about the grilled salmon, can you remove it?",2,Remove Order
Cancel the pizza from the cart.,2,Remove Order
Take out the pizza and add something else.,2,Remove Order
I’d like to delete the salad.,2,Remove Order
Forget the burger I added.,2,Remove Order
Cancel that pizza from my order.,2,Remove Order
Remove the burger I added earlier.,2,Remove Order
Scratch the steak off my list.,2,Remove Order
"I changed my mind about the fries, can you remove it?",2,Remove Order
Please cancel my order for the pizza.,2,Remove Order
I don’t want the pizza anymore.,2,Remove Order
Cancel that salad from my order.,2,Remove Order
Forget the sandwich I added.,2,Remove Order
Take out the sandwich and add something else.,2,Remove Order
Delete the fries from my order.,2,Remove Order
Please remove fries from my order.,2,Remove Order
Cancel the burger from the cart.,2,Remove Order
Cancel that burger from my order.,2,Remove Order
Can you take the salad off the order?,2,Remove Order
"Change my order, remove the pasta.",2,Remove Order
Scratch the burger off my list.,2,Remove Order
Forget the grilled salmon I added.,2,Remove Order
Delete the sandwich from my order.,2,Remove Order
Scratch the salad off my list.,2,Remove Order
Scratch the lasagna off my list.,2,Remove Order
Please remove pizza from my order.,2,Remove Order
Cancel that pasta from my order.,2,Remove Order
I don’t want the soup anymore.,2,Remove Order
Cancel the salad from the cart.,2,Remove Order
Scratch the salad off my list.,2,Remove Order
Please make my order without the pizza.,2,Remove Order
Please cancel my order for the salad.,2,Remove Order
Scratch the sandwich off my list.,2,Remove Order
Take out the pizza and add something else.,2,Remove Order
I’d like to delete the burger.,2,Remove Order
"Change my order, remove the sandwich.",2,Remove Order
Please cancel my order for the steak.,2,Remove Order
Please make my order without the fries.,2,Remove Order
I don’t want the pizza anymore.,2,Remove Order
Cancel that salad from my order.,2,Remove Order
Remove the lasagna I added earlier.,2,Remove Order
I don’t want the pizza anymore.,2,Remove Order
Forget the burger I added.,2,Remove Order
"Change my order, remove the grilled salmon.",2,Remove Order
Cancel the grilled salmon from the cart.,2,Remove Order
Take the lasagna off the menu for me.,2,Remove Order
Forget the fries I added.,2,Remove Order
Forget the steak I added.,2,Remove Order
Delete the steak from my order.,2,Remove Order
Delete the sandwich from my order.,2,Remove Order
Scratch the pizza off my list.,2,Remove Order
Delete the grilled salmon from my order.,2,Remove Order
Please remove grilled salmon from my order.,2,Remove Order
I don’t want the soup anymore.,2,Remove Order
Take out the soup and add something else.,2,Remove Order
Take the grilled salmon out of my order.,2,Remove Order
Remove the steak I added earlier.,2,Remove Order
Forget the burger from my list.,2,Remove Order
Take the steak off the menu for me.,2,Remove Order
"I changed my mind about the steak, can you remove it?",2,Remove Order
Take the pizza out of my order.,2,Remove Order
"Change my order, remove the pasta.",2,Remove Order
"I changed my mind about the pasta, can you remove it?",2,Remove Order
Take the sandwich off the menu for me.,2,Remove Order
Take the grilled salmon off the menu for me.,2,Remove Order
Please cancel my order for the grilled salmon.,2,Remove Order
"I changed my mind about the lasagna, can you remove it?",2,Remove Order
I no longer want the pasta in my order.,2,Remove Order
Take the lasagna off the menu for me.,2,Remove Order
"I changed my mind about the salad, can you remove it?",2,Remove Order
Cancel that steak from my order.,2,Remove Order
"I changed my mind about the burger, can you remove it?",2,Remove Order
"Change my order, remove the burger.",2,Remove Order
Take the steak out of my order.,2,Remove Order
I’d like to delete the steak.,2,Remove Order
Take the grilled salmon off the menu for me.,2,Remove Order
I’d like to delete the lasagna.,2,Remove Order
Scratch the lasagna off my list.,2,Remove Order
I no longer want the burger in my order.,2,Remove Order
Take the sandwich out of my order.,2,Remove Order
"Change my order, remove the salad.",2,Remove Order
"Change my order, remove the lasagna.",2,Remove Order
I no longer want the grilled salmon in my order.,2,Remove Order
Delete the grilled salmon from my order.,2,Remove Order
Take the grilled salmon off the menu for me.,2,Remove Order
Take the salad off the menu for me.,2,Remove Order
Delete the sandwich from my order.,2,Remove Order
Delete the grilled salmon from my order.,2,Remove Order
Take the burger off the menu for me.,2,Remove Order
"I changed my mind about the fries, can you remove it?",2,Remove Order
Take the fries off the menu for me.,2,Remove Order
Please cancel my order for the grilled salmon.,2,Remove Order
Please remove lasagna from my order.,2,Remove Order
Can you cancel the sandwich I selected?,2,Remove Order
Remove the burger I added earlier.,2,Remove Order
Take the burger out of my order.,2,Remove Order
Remove the burger I added earlier.,2,Remove Order
Remove the steak from my cart.,2,Remove Order
Remove the salad from my cart.,2,Remove Order
I don’t want the sandwich anymore.,2,Remove Order
Forget the salad I added.,2,Remove Order
Please make my order without the pasta.,2,Remove Order
I’d like to delete the grilled salmon.,2,Remove Order
Remove the sandwich I added earlier.,2,Remove Order
Take the burger out of my order.,2,Remove Order
Can you take the salad off the order?,2,Remove Order
I’d like to delete the lasagna.,2,Remove Order
Take out the sandwich and add something else.,2,Remove Order
Take the grilled salmon out of my order.,2,Remove Order
Please remove lasagna from my order.,2,Remove Order
Please remove lasagna from my order.,2,Remove Order
Please cancel my order for the pizza.,2,Remove Order
Scratch the soup off my list.,2,Remove Order
Forget the pizza from my list.,2,Remove Order
I no longer want the soup in my order.,2,Remove Order
Cancel the pasta from the cart.,2,Remove Order
Scratch the steak off my list.,2,Remove Order
Cancel the soup from the cart.,2,Remove Order
Please remove pizza from my order.,2,Remove Order
"Change my order, remove the burger.",2,Remove Order
I’d like to delete the fries.,2,Remove Order
Forget the salad I added.,2,Remove Order
Please cancel my order for the pizza.,2,Remove Order
Take the sandwich off the menu for me.,2,Remove Order
Can you cancel the salad I selected?,2,Remove Order
Take the lasagna off the menu for me.,2,Remove Order
Forget the fries from my list.,2,Remove Order
"I changed my mind about the steak, can you remove it?",2,Remove Order
Cancel that pizza from my order.,2,Remove Order
Forget the steak from my list.,2,Remove Order
Take the fries off the menu for me.,2,Remove Order
Forget the pizza from my list.,2,Remove Order
"Change my order, remove the soup.",2,Remove Order
I no longer want the steak in my order.,2,Remove Order
I no longer want the fries in my order.,2,Remove Order
Delete the steak from my order.,2,Remove Order
Please remove grilled salmon from my order.,2,Remove Order
Take the fries out of my order.,2,Remove Order
I no longer want the pasta in my order.,2,Remove Order
Please remove grilled salmon from my order.,2,Remove Order
Take the salad off the menu for me.,2,Remove Order
Take the burger off the menu for me.,2,Remove Order
Take out the burger and add something else.,2,Remove Order
Cancel that steak from my order.,2,Remove Order
Cancel the lasagna from the cart.,2,Remove Order
Forget the fries I added.,2,Remove Order
"I changed my mind about the soup, can you remove it?",2,Remove Order
Please make my order without the pizza.,2,Remove Order
Scratch the steak off my list.,2,Remove Order
Forget the lasagna from my list.,2,Remove Order
Please make my order without the steak.,2,Remove Order
Please remove grilled salmon from my order.,2,Remove Order
Can you take the salad off the order?,2,Remove Order
Cancel that steak from my order.,2,Remove Order
I’d like to delete the salad.,2,Remove Order
Take the salad out of my order.,2,Remove Order
I don’t want the fries anymore.,2,Remove Order
Forget the soup I added.,2,Remove Order
Cancel the steak from the cart.,2,Remove Order
Please cancel my order for the steak.,2,Remove Order
Please make my order without the burger.,2,Remove Order
Remove the salad from my cart.,2,Remove Order
Remove the burger from my cart.,2,Remove Order
Scratch the grilled salmon off my list.,2,Remove Order
Remove the pizza from my cart.,2,Remove Order
Please cancel my order for the fries.,2,Remove Order
"Change my order, remove the pizza.",2,Remove Order
Take out the salad and add something else.,2,Remove Order
Take the pasta off the menu for me.,2,Remove Order
Delete the burger from my order.,2,Remove Order
Take the lasagna out of my order.,2,Remove Order
"Change my order, remove the fries.",2,Remove Order
I no longer want the salad in my order.,2,Remove Order
Delete the lasagna from my order.,2,Remove Order
Take out the salad and add something else.,2,Remove Order
Forget the soup I added.,2,Remove Order
Remove the fries I added earlier.,2,Remove Order
Take the soup out of my order.,2,Remove Order
Take out the steak and add something else.,2,Remove Order
Take out the fries and add something else.,2,Remove Order
Cancel that pasta from my order.,2,Remove Order
I don’t want the pizza anymore.,2,Remove Order
Forget the burger I added.,2,Remove Order
Delete the lasagna from my order.,2,Remove Order
Take the pasta off the menu for me.,2,Remove Order
"Change my order, remove the pasta.",2,Remove Order
"Change my order, remove the sandwich.",2,Remove Order
Forget the pizza from my list.,2,Remove Order
I’d like to delete the pasta.,2,Remove Order
I no longer want the grilled salmon in my order.,2,Remove Order
Please remove pasta from my order.,2,Remove Order
Take the soup off the menu for me.,2,Remove Order
Cancel the grilled salmon from the cart.,2,Remove Order
Remove the salad from my cart.,2,Remove Order
I’d like to delete the fries.,2,Remove Order
Please remove burger from my order.,2,Remove Order
Please make my order without the salad.,2,Remove Order
Take out the salad and add something else.,2,Remove Order
Cancel the grilled salmon from the cart.,2,Remove Order
"Change my order, remove the sandwich.",2,Remove Order
Take the grilled salmon off the menu for me.,2,Remove Order
Scratch the steak off my list.,2,Remove Order
Take the pasta off the menu for me.,2,Remove Order
I don’t want the pizza anymore.,2,Remove Order
Forget the fries from my list.,2,Remove Order
Please cancel my order for the burger.,2,Remove Order
Remove the soup I added earlier.,2,Remove Order
Forget the pizza I added.,2,Remove Order
"I changed my mind about the pizza, can you remove it?",2,Remove Order
Scratch the burger off my list.,2,Remove Order
Can you take the soup off the order?,2,Remove Order
Can you take the soup off the order?,2,Remove Order
Cancel that salad from my order.,2,Remove Order
Forget the salad from my list.,2,Remove Order
Scratch the pizza off my list.,2,Remove Order
Delete the steak from my order.,2,Remove Order
Take the fries off the menu for me.,2,Remove Order
Delete the salad from my order.,2,Remove Order
Can you take the soup off the order?,2,Remove Order
Cancel that grilled salmon from my order.,2,Remove Order
Cancel the salad from the cart.,2,Remove Order
"I changed my mind about the lasagna, can you remove it?",2,Remove Order
Cancel the salad from the cart.,2,Remove Order
Take the burger out of my order.,2,Remove Order
Cancel the salad from the cart.,2,Remove Order
Please cancel my order for the sandwich.,2,Remove Order
"Change my order, remove the lasagna.",2,Remove Order
Take out the soup and add something else.,2,Remove Order
Please make my order without the burger.,2,Remove Order
Forget the salad I added.,2,Remove Order
Please make my order without the fries.,2,Remove Order
Scratch the lasagna off my list.,2,Remove Order
Forget the lasagna from my list.,2,Remove Order
"Change my order, remove the salad.",2,Remove Order
Take out the pizza and add something else.,2,Remove Order
Remove the lasagna from my cart.,2,Remove Order
Please remove lasagna from my order.,2,Remove Order
Take the fries out of my order.,2,Remove Order
Take the soup off the menu for me.,2,Remove Order
I’d like to delete the salad.,2,Remove Order
I no longer want the grilled salmon in my order.,2,Remove Order
Delete the sandwich from my order.,2,Remove Order
Remove the pasta from my cart.,2,Remove Order
Can you take the lasagna off the order?,2,Remove Order
I don’t want the salad anymore.,2,Remove Order
Cancel the burger from the cart.,2,Remove Order
I’d like to delete the fries.,2,Remove Order
"Change my order, remove the pasta.",2,Remove Order
Take out the burger and add something else.,2,Remove Order
Take the steak off the menu for me.,2,Remove Order
Take the pizza out of my order.,2,Remove Order
"Change my order, remove the sandwich.",2,Remove Order
Delete the soup from my order.,2,Remove Order
I no longer want the soup in my order.,2,Remove Order
Remove the lasagna I added earlier.,2,Remove Order
Take the soup out of my order.,2,Remove Order
"I changed my mind about the soup, can you remove it?",2,Remove Order
"Change my order, remove the burger.",2,Remove Order
I don’t want the sandwich anymore.,2,Remove Order
Forget the soup from my list.,2,Remove Order
Forget the sandwich I added.,2,Remove Order
Can you cancel the grilled salmon I selected?,2,Remove Order
Cancel that soup from my order.,2,Remove Order
Forget the lasagna I added.,2,Remove Order
Delete the burger from my order.,2,Remove Order
I no longer want the steak in my order.,2,Remove Order
Cancel that soup from my order.,2,Remove Order
I don’t want the salad anymore.,2,Remove Order
I don’t want the sandwich anymore.,2,Remove Order
Forget the burger from my list.,2,Remove Order
Scratch the steak off my list.,2,Remove Order
"Change my order, remove the sandwich.",2,Remove Order
"I changed my mind about the pasta, can you remove it?",2,Remove Order
"I changed my mind about the grilled salmon, can you remove it?",2,Remove Order
Cancel that pasta from my order.,2,Remove Order
Take the pasta out of my order.,2,Remove Order
Please remove salad from my order.,2,Remove Order
Can you take the fries off the order?,2,Remove Order
Take out the steak and add something else.,2,Remove Order
Please remove soup from my order.,2,Remove Order
Please remove lasagna from my order.,2,Remove Order
Cancel the steak from the cart.,2,Remove Order
I no longer want the soup in my order.,2,Remove Order
Take the lasagna off the menu for me.,2,Remove Order
Cancel the pasta from the cart.,2,Remove Order
Remove the soup from my cart.,2,Remove Order
Cancel that grilled salmon from my order.,2,Remove Order
I no longer want the pizza in my order.,2,Remove Order
I no longer want the soup in my order.,2,Remove Order
Can you take the steak off the order?,2,Remove Order
Take out the salad and add something else.,2,Remove Order
Cancel that fries from my order.,2,Remove Order
I’d like to delete the salad.,2,Remove Order
I don’t want the burger anymore.,2,Remove Order
Forget the pasta I added.,2,Remove Order
Take out the pasta and add something else.,2,Remove Order
Take out the pizza and add something else.,2,Remove Order
Can you take the grilled salmon off the order?,2,Remove Order
Take the steak off the menu for me.,2,Remove Order
Take the fries off the menu for me.,2,Remove Order
Can you take the steak off the order?,2,Remove Order
Cancel the lasagna from the cart.,2,Remove Order
Delete the pizza from my order.,2,Remove Order
Can you take the lasagna off the order?,2,Remove Order
Can you cancel the salad I selected?,2,Remove Order
Please cancel my order for the salad.,2,Remove Order
Take out the pasta and add something else.,2,Remove Order
Please remove burger from my order.,2,Remove Order
Can you take the pasta off the order?,2,Remove Order
Cancel the lasagna from the cart.,2,Remove Order
Scratch the pasta off my list.,2,Remove Order
Cancel that fries from my order.,2,Remove Order
"Change my order, remove the fries.",2,Remove Order
Remove the pizza from my cart.,2,Remove Order
"I changed my mind about the soup, can you remove it?",2,Remove Order
Please remove pizza from my order.,2,Remove Order
I no longer want the burger in my order.,2,Remove Order
Take the salad off the menu for me.,2,Remove Order
Take the salad out of my order.,2,Remove Order
"I changed my mind about the soup, can you remove it?",2,Remove Order
Can you cancel the lasagna I selected?,2,Remove Order
Remove the soup I added earlier.,2,Remove Order
Can you cancel the soup I selected?,2,Remove Order
Remove the pasta I added earlier.,2,Remove Order
Scratch the steak off my list.,2,Remove Order
Scratch the burger off my list.,2,Remove Order
Take out the steak and add something else.,2,Remove Order
Take the soup out of my order.,2,Remove Order
I no longer want the grilled salmon in my order.,2,Remove Order
Take out the grilled salmon and add something else.,2,Remove Order
Cancel the sandwich from the cart.,2,Remove Order
"I changed my mind about the lasagna, can you remove it?",2,Remove Order
Delete the grilled salmon from my order.,2,Remove Order
Forget the burger I added.,2,Remove Order
I don’t want the grilled salmon anymore.,2,Remove Order
Forget the burger I added.,2,Remove Order
I no longer want the sandwich in my order.,2,Remove Order
Forget the salad I added.,2,Remove Order
Please make my order without the soup.,2,Remove Order
Take the sandwich off the menu for me.,2,Remove Order
Cancel that lasagna from my order.,2,Remove Order
Remove the fries from my cart.,2,Remove Order
Please cancel my order for the pasta.,2,Remove Order
I’d like to delete the sandwich.,2,Remove Order
Can you cancel the sandwich I selected?,2,Remove Order
Cancel that fries from my order.,2,Remove Order
I no longer want the pasta in my order.,2,Remove Order
Please remove soup from my order.,2,Remove Order
"I changed my mind about the steak, can you remove it?",2,Remove Order
Remove the fries from my cart.,2,Remove Order
Take the soup out of my order.,2,Remove Order
I no longer want the sandwich in my order.,2,Remove Order
Please cancel my order for the steak.,2,Remove Order
Please cancel my order for the pasta.,2,Remove Order
Forget the pizza I added.,2,Remove Order
Remove the soup I added earlier.,2,Remove Order
Please cancel my order for the grilled salmon.,2,Remove Order
Please cancel my order for the burger.,2,Remove Order
Scratch the pasta off my list.,2,Remove Order
Forget the grilled salmon from my list.,2,Remove Order
Cancel the burger from the cart.,2,Remove Order
I’d like to delete the salad.,2,Remove Order
"Change my order, remove the salad.",2,Remove Order
Please cancel my order for the steak.,2,Remove Order
"Change my order, remove the burger.",2,Remove Order
Please cancel my order for the soup.,2,Remove Order
Please cancel my order for the fries.,2,Remove Order
Can you take the fries off the order?,2,Remove Order
Take the pizza off the menu for me.,2,Remove Order
I’d like to delete the soup.,2,Remove Order
Please remove steak from my order.,2,Remove Order
Remove the salad from my cart.,2,Remove Order
I’d like to delete the steak.,2,Remove Order
Take out the steak and add something else.,2,Remove Order
Take the sandwich out of my order.,2,Remove Order
Take the sandwich off the menu for me.,2,Remove Order
"I changed my mind about the steak, can you remove it?",2,Remove Order
Remove the pizza from my cart.,2,Remove Order
I don’t want the lasagna anymore.,2,Remove Order
Scratch the pizza off my list.,2,Remove Order
Can you cancel the pasta I selected?,2,Remove Order
Delete the salad from my order.,2,Remove Order
Take the lasagna off the menu for me.,2,Remove Order
Take the pizza out of my order.,2,Remove Order
Remove the soup from my cart.,2,Remove Order
Forget the pasta I added.,2,Remove Order
Can you cancel the burger I selected?,2,Remove Order
Can you take the grilled salmon off the order?,2,Remove Order
Take the lasagna out of my order.,2,Remove Order
Forget the sandwich from my list.,2,Remove Order
Forget the steak I added.,2,Remove Order
Cancel the burger from the cart.,2,Remove Order
Please make my order without the lasagna.,2,Remove Order
Forget the burger I added.,2,Remove Order
I’d like to delete the fries.,2,Remove Order
Take the steak out of my order.,2,Remove Order
Scratch the lasagna off my list.,2,Remove Order
Can you cancel the grilled salmon I selected?,2,Remove Order
I don’t want the pasta anymore.,2,Remove Order
"I changed my mind about the pasta, can you remove it?",2,Remove Order
Please cancel my order for the pasta.,2,Remove Order
Forget the pasta from my list.,2,Remove Order
Can you take the lasagna off the order?,2,Remove Order
Scratch the fries off my list.,2,Remove Order
Can you cancel the fries I selected?,2,Remove Order
Cancel the steak from the cart.,2,Remove Order
Can you take the pasta off the order?,2,Remove Order
Take the steak out of my order.,2,Remove Order
Take the steak off the menu for me.,2,Remove Order
Remove the grilled salmon I added earlier.,2,Remove Order
Can you cancel the fries I selected?,2,Remove Order
Take the steak out of my order.,2,Remove Order
Take the burger out of my order.,2,Remove Order
Remove the grilled salmon I added earlier.,2,Remove Order
Can you take the sandwich off the order?,2,Remove Order
Cancel that soup from my order.,2,Remove Order
Forget the burger from my list.,2,Remove Order
I no longer want the sandwich in my order.,2,Remove Order
"Change my order, remove the lasagna.",2,Remove Order
Remove the steak from my cart.,2,Remove Order
Forget the burger I added.,2,Remove Order
I’d like to delete the fries.,2,Remove Order
Forget the steak I added.,2,Remove Order
Take the fries out of my order.,2,Remove Order
Take the fries off the menu for me.,2,Remove Order
Please remove soup from my order.,2,Remove Order
Forget the sandwich I added.,2,Remove Order
I no longer want the grilled salmon in my order.,2,Remove Order
Cancel the salad from the cart.,2,Remove Order
"I changed my mind about the sandwich, can you remove it?",2,Remove Order
Delete the soup from my order.,2,Remove Order
Please make my order without the burger.,2,Remove Order
I no longer want the salad in my order.,2,Remove Order
Can you take the sandwich off the order?,2,Remove Order
Please remove salad from my order.,2,Remove Order
Please make my order without the soup.,2,Remove Order
Can you cancel the grilled salmon I selected?,2,Remove Order
Remove the sandwich from my cart.,2,Remove Order
Forget the pizza I added.,2,Remove Order
Remove the pasta from my cart.,2,Remove Order
I no longer want the pasta in my order.,2,Remove Order
"I changed my mind about the sandwich, can you remove it?",2,Remove Order
When can I expect my grilled salmon?,0,No Intent
Good morning! Would you like to place an order?,0,No Intent
Can you confirm if the soup is available?,0,No Intent
"Hello! Are you ready to order, or do you need some recommendations?",0,No Intent
Welcome to Restaurant! What would you like today?,0,No Intent
Will my soup be delivered fresh?,0,No Intent
Can I customize my grilled salmon with extra toppings?,0,No Intent
Good morning! Would you like to place an order?,0,No Intent
Are there discounts on the soup?,0,No Intent
What’s the most popular item on your menu?,0,No Intent
Welcome to Restaurant! What would you like today?,0,No Intent
Are there discounts on the fries?,0,No Intent
Will my steak be delivered fresh?,0,No Intent
Thanks for choosing Restaurant!,0,No Intent
What’s your best-selling pizza?,0,No Intent
Can I make the steak vegan?,0,No Intent
Good morning! Would you like to place an order?,0,No Intent
Can I have the pasta with no onions?,0,No Intent
Do you have any specials with lasagna today?,0,No Intent
Can you recommend something similar to a burger?,0,No Intent
What drinks pair well with a soup?,0,No Intent
Can I make the salad vegan?,0,No Intent
Good morning! Would you like to place an order?,0,No Intent
Do you have a family-sized portion of burger?,0,No Intent
What’s the price of a fries?,0,No Intent
Can you tell me about the burger’s ingredients?,0,No Intent
Thank you for dining with us!,0,No Intent
Thank you! Have a great day!,0,No Intent
How long will it take to prepare the sandwich?,0,No Intent
Is the steak gluten-free?,0,No Intent
Hello! Looking for something special?,0,No Intent
What’s the most popular item on your menu?,0,No Intent
What drinks pair well with a pizza?,0,No Intent
What’s the nutritional value of a soup?,0,No Intent
Are there discounts on the salad?,0,No Intent
Is there a chef’s special that includes a lasagna?,0,No Intent
Can you confirm if the soup is available?,0,No Intent
Welcome back! What can I get started for you?,0,No Intent
Can you recommend something similar to a lasagna?,0,No Intent
Hi there! Ready to place your order?,0,No Intent
Can you deliver the soup to my location?,0,No Intent
Is there a chef’s special that includes a steak?,0,No Intent
Can I have the salad with no onions?,0,No Intent
Can you recommend something similar to a pasta?,0,No Intent
Can I have the pizza with no onions?,0,No Intent
Thanks! Your food will be ready shortly.,0,No Intent
Is the fries available for pickup?,0,No Intent
Hi there! Ready to place your order?,0,No Intent
Does the pasta include any sides?,0,No Intent
What’s the price of a sandwich?,0,No Intent
Good evening! What’s on your mind today?,0,No Intent
Is the lasagna available for pickup?,0,No Intent
Hello! What can I get for you?,0,No Intent
Can you make the pasta extra spicy?,0,No Intent
Thanks! Your food will be ready shortly.,0,No Intent
What’s the most popular item on your menu?,0,No Intent
Does the burger come with sugar-free options?,0,No Intent
Will my fries be delivered fresh?,0,No Intent
Thanks for choosing Restaurant!,0,No Intent
Is the lasagna freshly made?,0,No Intent
What comes with the grilled salmon?,0,No Intent
Can you recommend something similar to a sandwich?,0,No Intent
Thank you for dining with us!,0,No Intent
Thanks for choosing Restaurant!,0,No Intent
Is the burger freshly made?,0,No Intent
Hello! Looking for something special?,0,No Intent
Does my order include a pasta?,0,No Intent
What comes with the pasta?,0,No Intent
Hello! Looking for something special?,0,No Intent
When can I expect my pasta?,0,No Intent
What drinks pair well with a pizza?,0,No Intent
Hello! Looking for something special?,0,No Intent
Can you tell me about the fries’s ingredients?,0,No Intent
Can I customize my steak with extra toppings?,0,No Intent
Can you deliver the salad to my location?,0,No Intent
Can you make the pizza extra spicy?,0,No Intent
Will my pasta be delivered fresh?,0,No Intent
Good evening! What’s on your mind today?,0,No Intent
Do you have any specials with pizza today?,0,No Intent
Good day! How may I assist you with your order?,0,No Intent
Do you have a family-sized portion of fries?,0,No Intent
What’s the nutritional value of a sandwich?,0,No Intent
Hi! Do you need help deciding on your meal?,0,No Intent
What comes with the soup?,0,No Intent
Good morning! Would you like to place an order?,0,No Intent
Do you have a burger available?,0,No Intent
Is there a chef’s special that includes a sandwich?,0,No Intent
"Welcome, sir! How can I help you today?",0,No Intent
Does my order include a steak?,0,No Intent
How long will it take to prepare the grilled salmon?,0,No Intent
Thank you for your order!,0,No Intent
How long will it take to prepare the steak?,0,No Intent
Is the sandwich available for pickup?,0,No Intent
Hi! Do you need help deciding on your meal?,0,No Intent
Can you tell me about the salad’s ingredients?,0,No Intent
Does the fries come with sugar-free options?,0,No Intent
Good day! How may I assist you with your order?,0,No Intent
Can you tell me about the salad’s ingredients?,0,No Intent
Can I customize my salad with extra toppings?,0,No Intent
Is the soup available for pickup?,0,No Intent
Hi there! Ready to place your order?,0,No Intent
What’s your best-selling pizza?,0,No Intent
Good day! How may I assist you with your order?,0,No Intent
Good morning! Would you like to place an order?,0,No Intent
Do you have a steak available?,0,No Intent
Welcome back! What can I get started for you?,0,No Intent
Welcome to Restaurant! What would you like today?,0,No Intent
When can I expect my steak?,0,No Intent
Does my order include a salad?,0,No Intent
Is there a chef’s special that includes a soup?,0,No Intent
Does the salad include any sides?,0,No Intent
Does the sandwich include any sides?,0,No Intent
Can you confirm if the sandwich is available?,0,No Intent
"Hello! Are you ready to order, or do you need some recommendations?",0,No Intent
Do you have a family-sized portion of lasagna?,0,No Intent
What’s your best-selling steak?,0,No Intent
What’s the nutritional value of a burger?,0,No Intent
Does the fries include any sides?,0,No Intent
Can you recommend something similar to a grilled salmon?,0,No Intent
Good morning! Would you like to place an order?,0,No Intent
"Hello! Are you ready to order, or do you need some recommendations?",0,No Intent
Thanks for choosing Restaurant!,0,No Intent
Do you have any specials with steak today?,0,No Intent
Can I have the soup with no onions?,0,No Intent
Can I have the burger with no onions?,0,No Intent
What comes with the burger?,0,No Intent
Hello! Looking for something special?,0,No Intent
"Welcome, sir! How can I help you today?",0,No Intent
Are there discounts on the pasta?,0,No Intent
Hi there! Ready to place your order?,0,No Intent
Are there discounts on the steak?,0,No Intent
"Hello! Are you ready to order, or do you need some recommendations?",0,No Intent
Hello! What can I get for you?,0,No Intent
Hello! What can I get for you?,0,No Intent
What drinks pair well with a burger?,0,No Intent
Is there a chef’s special that includes a steak?,0,No Intent
Is the fries available for pickup?,0,No Intent
Can I make the burger vegan?,0,No Intent
What’s the nutritional value of a pizza?,0,No Intent
Hello! Looking for something special?,0,No Intent
Can I customize my grilled salmon with extra toppings?,0,No Intent
Welcome to Restaurant! What would you like today?,0,No Intent
Is the salad gluten-free?,0,No Intent
Can I customize my fries with extra toppings?,0,No Intent
Can I customize my pasta with extra toppings?,0,No Intent
Hi there! Ready to place your order?,0,No Intent
Do you have a family-sized portion of lasagna?,0,No Intent
Good day! How may I assist you with your order?,0,No Intent
What’s the most popular item on your menu?,0,No Intent
Welcome to Restaurant! What would you like today?,0,No Intent
Is the burger gluten-free?,0,No Intent
Can I have the soup with no onions?,0,No Intent
Does my order include a pizza?,0,No Intent
Welcome to Restaurant! What would you like today?,0,No Intent
Is the lasagna gluten-free?,0,No Intent
Is the fries gluten-free?,0,No Intent
Hi there! Ready to place your order?,0,No Intent
Do you have a burger available?,0,No Intent
Can you recommend something similar to a pasta?,0,No Intent
Thanks for choosing Restaurant!,0,No Intent
Can you deliver the sandwich to my location?,0,No Intent
Do you have a family-sized portion of burger?,0,No Intent
What’s your best-selling grilled salmon?,0,No Intent
Hi there! Ready to place your order?,0,No Intent
Does my order include a fries?,0,No Intent
Welcome back! What can I get started for you?,0,No Intent
Thanks for choosing Restaurant!,0,No Intent
Thanks! Your food will be ready shortly.,0,No Intent
Does the steak include any sides?,0,No Intent
Hello! What can I get for you?,0,No Intent
How long will it take to prepare the sandwich?,0,No Intent
Hi there! Ready to place your order?,0,No Intent
Thanks for choosing Restaurant!,0,No Intent
Can you confirm if the salad is available?,0,No Intent
Good morning! Would you like to place an order?,0,No Intent
Does the steak include any sides?,0,No Intent
Does my order include a pasta?,0,No Intent
Do you have a family-sized portion of pizza?,0,No Intent
Hello! What can I get for you?,0,No Intent
Does my order include a pasta?,0,No Intent
Thanks! Your food will be ready shortly.,0,No Intent
Good evening! What’s on your mind today?,0,No Intent
Is the pizza available for pickup?,0,No Intent
Welcome to Restaurant! What would you like today?,0,No Intent
Is the grilled salmon freshly made?,0,No Intent
Good day! How may I assist you with your order?,0,No Intent
Can I make the grilled salmon vegan?,0,No Intent
Are there discounts on the fries?,0,No Intent
Thank you for your order!,0,No Intent
Is the salad freshly made?,0,No Intent
Is the burger freshly made?,0,No Intent
Can you deliver the soup to my location?,0,No Intent
What drinks pair well with a grilled salmon?,0,No Intent
Do you have a pizza available?,0,No Intent
What comes with the burger?,0,No Intent
Can you make the sandwich extra spicy?,0,No Intent
Is the pizza available for pickup?,0,No Intent
What’s the price of a fries?,0,No Intent
Is the burger gluten-free?,0,No Intent
Do you have any specials with fries today?,0,No Intent
Hi there! Ready to place your order?,0,No Intent
Is the grilled salmon gluten-free?,0,No Intent
Can I customize my steak with extra toppings?,0,No Intent
Do you have any specials with soup today?,0,No Intent
Hi there! Ready to place your order?,0,No Intent
Does the pasta come without cheese?,0,No Intent
How long will it take to prepare the salad?,0,No Intent
Can I make the lasagna vegan?,0,No Intent
Is the sandwich gluten-free?,0,No Intent
Thank you for dining with us!,0,No Intent
Hi there! Ready to place your order?,0,No Intent
Does my order include a sandwich?,0,No Intent
Welcome to Restaurant! What would you like today?,0,No Intent
Hi! Do you need help deciding on your meal?,0,No Intent
Thank you for your order!,0,No Intent
How long will it take to prepare the sandwich?,0,No Intent
Can you recommend something similar to a sandwich?,0,No Intent
Can you deliver the grilled salmon to my location?,0,No Intent
Can you tell me about the pasta’s ingredients?,0,No Intent
Do you have a family-sized portion of soup?,0,No Intent
Is the pasta gluten-free?,0,No Intent
Is the lasagna freshly made?,0,No Intent
Is the pizza gluten-free?,0,No Intent
Thanks for choosing Restaurant!,0,No Intent
Is the grilled salmon freshly made?,0,No Intent
Can I make the soup vegan?,0,No Intent
Is there a chef’s special that includes a steak?,0,No Intent
What drinks pair well with a salad?,0,No Intent
Do you have a steak available?,0,No Intent
Is the pizza freshly made?,0,No Intent
What comes with the lasagna?,0,No Intent
Can I make the fries vegan?,0,No Intent
Will my burger be delivered fresh?,0,No Intent
Good morning! Would you like to place an order?,0,No Intent
Can I make the steak vegan?,0,No Intent
Good evening! What’s on your mind today?,0,No Intent
Can I have the pasta with no onions?,0,No Intent
Good evening! What’s on your mind today?,0,No Intent
Can you recommend something similar to a salad?,0,No Intent
Can you deliver the soup to my location?,0,No Intent
Do you have a soup available?,0,No Intent
Thank you! Have a great day!,0,No Intent
Thanks! Your food will be ready shortly.,0,No Intent
Can you recommend something similar to a burger?,0,No Intent
"Welcome, sir! How can I help you today?",0,No Intent
Good morning! Would you like to place an order?,0,No Intent
"Welcome, sir! How can I help you today?",0,No Intent
How long will it take to prepare the lasagna?,0,No Intent
Can you confirm if the soup is available?,0,No Intent
Can I customize my pasta with extra toppings?,0,No Intent
Thanks! Your food will be ready shortly.,0,No Intent
Thank you for your order!,0,No Intent
Hi! Do you need help deciding on your meal?,0,No Intent
Hi! Do you need help deciding on your meal?,0,No Intent
Thanks for choosing Restaurant!,0,No Intent
Good evening! What’s on your mind today?,0,No Intent
Good evening! What’s on your mind today?,0,No Intent
Does the pasta come with sugar-free options?,0,No Intent
Is the lasagna gluten-free?,0,No Intent
When can I expect my steak?,0,No Intent
Thank you for your order!,0,No Intent
Can you confirm if the soup is available?,0,No Intent
Thank you! Have a great day!,0,No Intent
Thank you! Have a great day!,0,No Intent
"Welcome, sir! How can I help you today?",0,No Intent
Thanks! Your food will be ready shortly.,0,No Intent
Can you tell me about the steak’s ingredients?,0,No Intent
Thank you! Have a great day!,0,No Intent
Are there discounts on the salad?,0,No Intent
Are there discounts on the fries?,0,No Intent
Hello! Looking for something special?,0,No Intent
When can I expect my salad?,0,No Intent
Can I make the grilled salmon vegan?,0,No Intent
Can I customize my lasagna with extra toppings?,0,No Intent
Thank you for your order!,0,No Intent
"Welcome, sir! How can I help you today?",0,No Intent
Hello! What can I get for you?,0,No Intent
Will my lasagna be delivered fresh?,0,No Intent
What’s the most popular item on your menu?,0,No Intent
Are there discounts on the pizza?,0,No Intent
Are there discounts on the fries?,0,No Intent
What drinks pair well with a soup?,0,No Intent
What’s the price of a pasta?,0,No Intent
Does the grilled salmon come without cheese?,0,No Intent
Do you have a family-sized portion of pizza?,0,No Intent
Can I customize my salad with extra toppings?,0,No Intent
Are there discounts on the lasagna?,0,No Intent
Does the steak include any sides?,0,No Intent
Hi! Would you like to hear about our specials?,0,No Intent
What drinks pair well with a pasta?,0,No Intent
Is the steak gluten-free?,0,No Intent
Good day! How may I assist you with your order?,0,No Intent
Are there discounts on the steak?,0,No Intent
Can you recommend something similar to a salad?,0,No Intent
Thanks! Your food will be ready shortly.,0,No Intent
Can you recommend something similar to a pizza?,0,No Intent
"Hello! Are you ready to order, or do you need some recommendations?",0,No Intent
Do you have any specials with pizza today?,0,No Intent
Is the grilled salmon available for pickup?,0,No Intent
Are there discounts on the fries?,0,No Intent
Good evening! What’s on your mind today?,0,No Intent
Can I make the burger vegan?,0,No Intent
Thank you! Have a great day!,0,No Intent
Do you have a soup available?,0,No Intent
Good morning! Would you like to place an order?,0,No Intent
Does the pasta include any sides?,0,No Intent
"Welcome, sir! How can I help you today?",0,No Intent
Welcome back! What can I get started for you?,0,No Intent
Can I have the pizza with no onions?,0,No Intent
How long will it take to prepare the lasagna?,0,No Intent
Is the salad gluten-free?,0,No Intent
Welcome back! What can I get started for you?,0,No Intent
Is the grilled salmon gluten-free?,0,No Intent
Can I make the burger vegan?,0,No Intent
"Hello! Are you ready to order, or do you need some recommendations?",0,No Intent
Do you have a sandwich available?,0,No Intent
What’s the price of a grilled salmon?,0,No Intent
When can I expect my fries?,0,No Intent
Good morning! Would you like to place an order?,0,No Intent
"Welcome, sir! How can I help you today?",0,No Intent
Good morning! Would you like to place an order?,0,No Intent
Will my sandwich be delivered fresh?,0,No Intent
Good evening! What’s on your mind today?,0,No Intent
Hi! Would you like to hear about our specials?,0,No Intent
Hi there! Ready to place your order?,0,No Intent
Hi! Would you like to hear about our specials?,0,No Intent
Do you have a family-sized portion of sandwich?,0,No Intent
Can you make the grilled salmon extra spicy?,0,No Intent
Welcome to Restaurant! What would you like today?,0,No Intent
Does the soup include any sides?,0,No Intent
When can I expect my pasta?,0,No Intent
How long will it take to prepare the soup?,0,No Intent
What comes with the soup?,0,No Intent
Thank you for dining with us!,0,No Intent
Do you have a pasta available?,0,No Intent
Can you make the pasta extra spicy?,0,No Intent
What’s the nutritional value of a salad?,0,No Intent
Welcome back! What can I get started for you?,0,No Intent
Hi! Do you need help deciding on your meal?,0,No Intent
What comes with the soup?,0,No Intent
Welcome back! What can I get started for you?,0,No Intent
What’s your best-selling soup?,0,No Intent
Hello! Looking for something special?,0,No Intent
Do you have a family-sized portion of salad?,0,No Intent
Are there discounts on the grilled salmon?,0,No Intent
Good morning! Would you like to place an order?,0,No Intent
Hi! Do you need help deciding on your meal?,0,No Intent
Hi! Would you like to hear about our specials?,0,No Intent
Does the soup include any sides?,0,No Intent
What’s your best-selling soup?,0,No Intent
Hi there! Ready to place your order?,0,No Intent
"Hello! Are you ready to order, or do you need some recommendations?",0,No Intent
Does the pasta come without cheese?,0,No Intent
Does my order include a fries?,0,No Intent
How long will it take to prepare the fries?,0,No Intent
Hello! What can I get for you?,0,No Intent
Can you tell me about the grilled salmon’s ingredients?,0,No Intent
Thanks! Your food will be ready shortly.,0,No Intent
Do you have any specials with grilled salmon today?,0,No Intent
Thank you! Have a great day!,0,No Intent
Do you have a sandwich available?,0,No Intent
Can you confirm if the lasagna is available?,0,No Intent
Can you make the soup extra spicy?,0,No Intent
Can you make the salad extra spicy?,0,No Intent
Hi! Would you like to hear about our specials?,0,No Intent
"Welcome, sir! How can I help you today?",0,No Intent
Can you make the sandwich extra spicy?,0,No Intent
Thanks for choosing Restaurant!,0,No Intent
Do you have any specials with sandwich today?,0,No Intent
Thanks for choosing Restaurant!,0,No Intent
Do you have a family-sized portion of fries?,0,No Intent
Does the sandwich come without cheese?,0,No Intent
How long will it take to prepare the lasagna?,0,No Intent
Thank you for your order!,0,No Intent
Good day! How may I assist you with your order?,0,No Intent
Hi! Do you need help deciding on your meal?,0,No Intent
Hi! Would you like to hear about our specials?,0,No Intent
Thank you for your order!,0,No Intent
What’s the most popular item on your menu?,0,No Intent
What drinks pair well with a salad?,0,No Intent
What drinks pair well with a sandwich?,0,No Intent
"Welcome, sir! How can I help you today?",0,No Intent
Is the pizza available for pickup?,0,No Intent
Can I have the pizza with no onions?,0,No Intent
Can I customize my soup with extra toppings?,0,No Intent
What’s the most popular item on your menu?,0,No Intent
Do you have a family-sized portion of sandwich?,0,No Intent
Thank you! Have a great day!,0,No Intent
What’s the price of a salad?,0,No Intent
Is the pizza freshly made?,0,No Intent
What drinks pair well with a pizza?,0,No Intent
Good day! How may I assist you with your order?,0,No Intent
Is the pasta freshly made?,0,No Intent
Thank you for your order!,0,No Intent
What’s your best-selling sandwich?,0,No Intent
Welcome to Restaurant! What would you like today?,0,No Intent
Can you confirm if the grilled salmon is available?,0,No Intent
Thank you for dining with us!,0,No Intent
Can you deliver the burger to my location?,0,No Intent
"Welcome, sir! How can I help you today?",0,No Intent
Thank you! Have a great day!,0,No Intent
What drinks pair well with a grilled salmon?,0,No Intent
Do you have a family-sized portion of pasta?,0,No Intent
Do you have any specials with steak today?,0,No Intent
Is the pasta gluten-free?,0,No Intent
Does the lasagna come with sugar-free options?,0,No Intent
Hello! Looking for something special?,0,No Intent
How long will it take to prepare the salad?,0,No Intent
Thank you for your order!,0,No Intent
Can you make the burger extra spicy?,0,No Intent
Welcome to Restaurant! What would you like today?,0,No Intent
When can I expect my soup?,0,No Intent
Can you confirm if the burger is available?,0,No Intent
What’s your best-selling grilled salmon?,0,No Intent
Is the sandwich gluten-free?,0,No Intent
Does the lasagna include any sides?,0,No Intent
Hi! Would you like to hear about our specials?,0,No Intent
Thank you for dining with us!,0,No Intent
Thank you for your order!,0,No Intent
Does the pasta include any sides?,0,No Intent
Good day! How may I assist you with your order?,0,No Intent
Can I customize my salad with extra toppings?,0,No Intent
Can you deliver the lasagna to my location?,0,No Intent
Can you deliver the fries to my location?,0,No Intent
Are there discounts on the soup?,0,No Intent
Hi! Would you like to hear about our specials?,0,No Intent
Can you make the pizza extra spicy?,0,No Intent
Can I have the fries with no onions?,0,No Intent
What’s your best-selling fries?,0,No Intent
Welcome to Restaurant! What would you like today?,0,No Intent
Hello! What can I get for you?,0,No Intent
Does the pasta include any sides?,0,No Intent
Can you deliver the soup to my location?,0,No Intent
Thanks! Your food will be ready shortly.,0,No Intent
Can you recommend something similar to a grilled salmon?,0,No Intent
What’s the nutritional value of a lasagna?,0,No Intent
Do you have any specials with burger today?,0,No Intent
Welcome back! What can I get started for you?,0,No Intent
"Hello! Are you ready to order, or do you need some recommendations?",0,No Intent
Do you have a family-sized portion of pasta?,0,No Intent
Can I customize my fries with extra toppings?,0,No Intent
Good morning! Would you like to place an order?,0,No Intent
Good day! How may I assist you with your order?,0,No Intent
Thank you! Have a great day!,0,No Intent
Does the pizza come without cheese?,0,No Intent
Does the pizza come without cheese?,0,No Intent
Is the steak gluten-free?,0,No Intent
Can you confirm if the burger is available?,0,No Intent
Can you tell me about the grilled salmon’s ingredients?,0,No Intent
Thanks for choosing Restaurant!,0,No Intent
Is there a chef’s special that includes a burger?,0,No Intent
Good day! How may I assist you with your order?,0,No Intent
Does the fries come without cheese?,0,No Intent
Thank you for your order!,0,No Intent
Welcome back! What can I get started for you?,0,No Intent
Can you tell me about the soup’s ingredients?,0,No Intent
Can I have the salad with no onions?,0,No Intent
Hi there! Ready to place your order?,0,No Intent
Welcome to Restaurant! What would you like today?,0,No Intent
Welcome back! What can I get started for you?,0,No Intent
Good morning! Would you like to place an order?,0,No Intent
What’s the nutritional value of a burger?,0,No Intent
Can you make the salad extra spicy?,0,No Intent
Do you have a soup available?,0,No Intent
"Welcome, sir! How can I help you today?",0,No Intent
What comes with the lasagna?,0,No Intent
Good day! How may I assist you with your order?,0,No Intent
Can I customize my grilled salmon with extra toppings?,0,No Intent
Do you have any specials with steak today?,0,No Intent
Can you tell me about the salad’s ingredients?,0,No Intent
Is the soup freshly made?,0,No Intent
Does my order include a pizza?,0,No Intent
How long will it take to prepare the sandwich?,0,No Intent
Hi! Would you like to hear about our specials?,0,No Intent
Do you have any specials with soup today?,0,No Intent
Welcome to Restaurant! What would you like today?,0,No Intent
What comes with the soup?,0,No Intent
Thank you for dining with us!,0,No Intent
Good evening! What’s on your mind today?,0,No Intent
What drinks pair well with a pizza?,0,No Intent
Good morning! Would you like to place an order?,0,No Intent
Thank you for your order!,0,No Intent
Thank you for dining with us!,0,No Intent
Welcome back! What can I get started for you?,0,No Intent
Thank you for your order!,0,No Intent
Good day! How may I assist you with your order?,0,No Intent
Can I customize my steak with extra toppings?,0,No Intent
Are there discounts on the lasagna?,0,No Intent
Welcome to Restaurant! What would you like today?,0,No Intent
What’s the most popular item on your menu?,0,No Intent
Welcome back! What can I get started for you?,0,No Intent
Hi! Do you need help deciding on your meal?,0,No Intent
Can you confirm if the pizza is available?,0,No Intent
When can I expect my sandwich?,0,No Intent
Thank you! Have a great day!,0,No Intent
Thanks for choosing Restaurant!,0,No Intent
Can you deliver the lasagna to my location?,0,No Intent
Is the salad gluten-free?,0,No Intent
Is there a chef’s special that includes a sandwich?,0,No Intent
What’s the most popular item on your menu?,0,No Intent
